Sign ID,Canonical Word,Dataset Word,Marathi,Video Count,Raw MP,Norm MP
SIGN_0001,actor,98. Actor,अभिनेता,4,True,True
SIGN_0002,adult,80. Adult,प्रौढ,4,True,True
SIGN_0003,afternoon,83. Afternoon,दुपार,4,True,True
SIGN_0004,alive,34. alive,जिवंत,8,True,True
SIGN_0005,alright,50. Alright,ठीक आहे,4,True,True
SIGN_0006,animal,8. Animal,प्राणी,4,True,True
SIGN_0007,artist,94. Artist,कलाकार,4,True,True
SIGN_0008,attack,13. Attack,हल्ला,4,True,True
SIGN_0009,author,95. Author,लेखक,4,True,True
SIGN_0010,baby,63. Baby,बाळ,4,True,True
SIGN_0011,bad,95. bad,वाईट,4,True,True
SIGN_0012,bag,45. Bag,पिशवी,4,True,True
SIGN_0013,ball,19. Ball,चेंडू,4,True,True
SIGN_0014,bank,35. Bank,बँक,8,True,True
SIGN_0015,bathroom,32. Bathroom,स्नानगृह,8,True,True
SIGN_0016,beautiful,5. Beautiful,सुंदर,4,True,True
SIGN_0017,bed,26. Bed,बेड,6,True,True
SIGN_0018,bedroom,30. Bedroom,शयनकक्ष,8,True,True
SIGN_0019,bicycle,13. Bicycle,सायकल,4,True,True
SIGN_0020,big large,83. big large,मोठा,4,True,True
SIGN_0021,bill,5. Bill,बिल,4,True,True
SIGN_0022,bird,4. Bird,पक्षी,4,True,True
SIGN_0023,black,54. Black,काळा,4,True,True
SIGN_0024,blind,8. Blind,अंध,4,True,True
SIGN_0025,blue,49. Blue,निळा,4,True,True
SIGN_0026,boat,15. Boat,बोट,4,True,True
SIGN_0027,book,37. Book,पुस्तक,5,True,True
SIGN_0028,box,46. Box,खोका,4,True,True
SIGN_0029,boy,77. Boy,मुलगा,4,True,True
SIGN_0030,brother,66. Brother,भाऊ,4,True,True
SIGN_0031,brown,51. Brown,तपकिरी,4,True,True
SIGN_0032,bus,14. Bus,बस,4,True,True
SIGN_0033,camera,58. Camera,कॅमेरा,4,True,True
SIGN_0034,car,11. Car,कार,4,True,True
SIGN_0035,card,48. Card,कार्ड,4,True,True
SIGN_0036,cat,2. Cat,मांजर,4,True,True
SIGN_0037,cell phone,54. Cell phone,मोबाईल,4,True,True
SIGN_0038,chair,25. Chair,खुर्ची,8,True,True
SIGN_0039,cheap,16. cheap,स्वस्त,4,True,True
SIGN_0040,child,79. Child,मूल,4,True,True
SIGN_0041,city,18. City,शहर,4,True,True
SIGN_0042,clean,29. clean,स्वच्छ,8,True,True
SIGN_0043,clock,51. Clock,घड्याळ,4,True,True
SIGN_0044,clothing,46. Clothing,कपडे,4,True,True
SIGN_0045,cold,88. cold,थंड,4,True,True
SIGN_0046,colour,57. Colour,रंग,4,True,True
SIGN_0047,computer,55. Computer,संगणक,4,True,True
SIGN_0048,cool,90. cool,थंडगार,4,True,True
SIGN_0049,court,23. Court,न्यायालय,8,True,True
SIGN_0050,cow,5. Cow,गाय,4,True,True
SIGN_0051,crowd,83. Crowd,गर्दी,4,True,True
SIGN_0052,curved,18. curved,वक्र,4,True,True
SIGN_0053,daughter,59. Daughter,मुलगी,4,True,True
SIGN_0054,dead,33. dead,मृत,8,True,True
SIGN_0055,deaf,7. Deaf,बधिर,4,True,True
SIGN_0056,death,2. Death,मृत्यू,4,True,True
SIGN_0057,deep,27. deep,खोल,8,True,True
SIGN_0058,dirty,30. dirty,अस्वच्छ,8,True,True
SIGN_0059,doctor,87. Doctor,डॉक्टर,4,True,True
SIGN_0060,dog,1. Dog,कुत्रा,8,True,True
SIGN_0061,door,29. Door,दार,8,True,True
SIGN_0062,dream,27. Dream,स्वप्न,8,True,True
SIGN_0063,dress,38. Dress,पोशाख,4,True,True
SIGN_0064,dry,97. dry,कोरडा,4,True,True
SIGN_0065,election,14. Election,निवडणूक,4,True,True
SIGN_0066,energy,10. Energy,ऊर्जा,4,True,True
SIGN_0067,evening,84. Evening,संध्याकाळ,4,True,True
SIGN_0068,exercise,18. Exercise,व्यायाम,4,True,True
SIGN_0069,expensive,15. expensive,महाग,4,True,True
SIGN_0070,fall,64. Fall,पडणे,4,True,True
SIGN_0071,family,68. Family,कुटुंब,4,True,True
SIGN_0072,famous,39. famous,प्रसिद्ध,4,True,True
SIGN_0073,fan,53. Fan,पंखा,4,True,True
SIGN_0074,fast,86. fast,जलद,4,True,True
SIGN_0075,father,61. Father,वडील,4,True,True
SIGN_0076,female,20. female,स्त्री,4,True,True
SIGN_0077,fish,3. Fish,मासा,8,True,True
SIGN_0078,flat,17. flat,सपाट,4,True,True
SIGN_0079,friday,71. Friday,शुक्रवार,4,True,True
SIGN_0080,friend,81. Friend,मित्र,4,True,True
SIGN_0081,gift,47. Gift,भेटवस्तू,4,True,True
SIGN_0082,girl,78. Girl,मुलगी,4,True,True
SIGN_0083,god,23. God,देव,8,True,True
SIGN_0084,good,94. good,चांगले,4,True,True
SIGN_0085,good afternoon,52. Good afternoon,शुभ दुपार,4,True,True
SIGN_0086,good evening,53. Good evening,शुभ संध्याकाळ,4,True,True
SIGN_0087,good morning,51. Good Morning,शुभ सकाळ,4,True,True
SIGN_0088,good night,54. Good night,शुभ रात्री,4,True,True
SIGN_0089,grandfather,69. Grandfather,आजोबा,4,True,True
SIGN_0090,grandmother,70. Grandmother,आजी,4,True,True
SIGN_0091,green,48. Green,हिरवा,4,True,True
SIGN_0092,grey,56. Grey,राखाडी,4,True,True
SIGN_0093,ground,34. Ground,जमीन,8,True,True
SIGN_0094,gun,16. Gun,बंदूक,4,True,True
SIGN_0095,happy,3. happy,आनंदी,8,True,True
SIGN_0096,hard,26. hard,कठीण,8,True,True
SIGN_0097,hat,37. Hat,टोपी,4,True,True
SIGN_0098,he,42. he,तो,4,True,True
SIGN_0099,healthy,99. healthy,निरोगी,4,True,True
SIGN_0100,heavy,35. heavy,जड,8,True,True
SIGN_0101,hello,48. Hello,नमस्कार,4,True,True
SIGN_0102,high,23. high,उंच,8,True,True
SIGN_0103,horse,7. Horse,घोडा,4,True,True
SIGN_0104,hospital,30. Hospital,रुग्णालय,8,True,True
SIGN_0105,hot,87. hot,गरम,4,True,True
SIGN_0106,hour,79. Hour,तास,4,True,True
SIGN_0107,house,19. House,घर,4,True,True
SIGN_0108,how are you,49. How are you,तू कसा आहेस,4,True,True
SIGN_0109,husband,71. Husband,पती,4,True,True
SIGN_0110,i,40. I,मी,4,True,True
SIGN_0111,india,33. India,भारत,8,True,True
SIGN_0112,it,44. it,ते,4,True,True
SIGN_0113,job,99. Job,नोकरी,4,True,True
SIGN_0114,key,39. Key,चावी,4,True,True
SIGN_0115,king,73. King,राजा,4,True,True
SIGN_0116,kitchen,31. Kitchen,स्वयंपाकघर,8,True,True
SIGN_0117,lamp,52. Lamp,दिवा,4,True,True
SIGN_0118,laptop,56. Laptop,लॅपटॉप,4,True,True
SIGN_0119,lawyer,86. Lawyer,वकील,4,True,True
SIGN_0120,letter,41. Letter,पत्र,4,True,True
SIGN_0121,library,29. Library,ग्रंथालय,8,True,True
SIGN_0122,light,36. light,प्रकाश,8,True,True
SIGN_0123,location,36. Location,ठिकाण,8,True,True
SIGN_0124,lock,43. Lock,कुलूप,4,True,True
SIGN_0125,long,78. long,लांब,4,True,True
SIGN_0126,loose,22. loose,सैल,8,True,True
SIGN_0127,loud,1. loud,मोठ्याने,4,True,True
SIGN_0128,low,24. low,कमी,8,True,True
SIGN_0129,male,19. male,पुरुष,4,True,True
SIGN_0130,man,64. Man,माणूस,4,True,True
SIGN_0131,manager,96. Manager,व्यवस्थापक,4,True,True
SIGN_0132,market,32. Market,बाजार,8,True,True
SIGN_0133,marriage,6. Marriage,लग्न,4,True,True
SIGN_0134,mean,10. Mean,अर्थ,4,True,True
SIGN_0135,medicine,3. Medicine,औषध,8,True,True
SIGN_0136,minute,80. Minute,मिनिट,4,True,True
SIGN_0137,monday,67. Monday,सोमवार,4,True,True
SIGN_0138,money,4. Money,पैसे,4,True,True
SIGN_0139,monsoon,Ex. Monsoon,पावसाळा,4,True,True
SIGN_0140,month,77. Month,महिना,4,True,True
SIGN_0141,morning,82. Morning,सकाळ,4,True,True
SIGN_0142,mother,60. Mother,आई,4,True,True
SIGN_0143,mouse,6. Mouse,उंदीर,4,True,True
SIGN_0144,narrow,82. narrow,अरुंद,4,True,True
SIGN_0145,neighbour,76. Neighbour,शेजारी,4,True,True
SIGN_0146,new,91. new,नवीन,4,True,True
SIGN_0147,newspaper,15. Newspaper,वर्तमानपत्र,4,True,True
SIGN_0148,nice,9. Nice,छान,4,True,True
SIGN_0149,night,85. Night,रात्र,4,True,True
SIGN_0150,office,25. Office,कार्यालय,6,True,True
SIGN_0151,old,92. old,जुने,4,True,True
SIGN_0152,orange,53. Orange,नारंगी,4,True,True
SIGN_0153,page,38. Page,पान,4,True,True
SIGN_0154,paint,40. Paint,रंगविणे,4,True,True
SIGN_0155,pant,43. Pant,पँट,4,True,True
SIGN_0156,paper,42. Paper,कागद,4,True,True
SIGN_0157,parent,62. Parent,पालक,4,True,True
SIGN_0158,park,27. Park,उद्यान,8,True,True
SIGN_0159,patient,88. Patient,रुग्ण,4,True,True
SIGN_0160,peace,12. Peace,शांतता,4,True,True
SIGN_0161,pen,34. Pen,पेन,8,True,True
SIGN_0162,pencil,33. Pencil,पेन्सिल,8,True,True
SIGN_0163,photograph,35. Photograph,छायाचित्र,8,True,True
SIGN_0164,pink,52. Pink,गुलाबी,4,True,True
SIGN_0165,plane,10. Plane,विमान,4,True,True
SIGN_0166,player,82. Player,खेळाडू,4,True,True
SIGN_0167,pleased,56. Pleased,आनंदी,4,True,True
SIGN_0168,pocket,45. Pocket,खिसा,4,True,True
SIGN_0169,police,92. Police,पोलीस,4,True,True
SIGN_0170,poor,12. poor,गरीब,4,True,True
SIGN_0171,president,75. President,अध्यक्ष,4,True,True
SIGN_0172,price,20. Price,किंमत,4,True,True
SIGN_0173,priest,91. Priest,पुजारी,4,True,True
SIGN_0174,queen,74. Queen,राणी,4,True,True
SIGN_0175,quiet,2. quiet,शांत,4,True,True
SIGN_0176,race (ethnicity),8. Race (ethnicity),वंश,4,True,True
SIGN_0177,radio,60. Radio,रेडिओ,4,True,True
SIGN_0178,red,47. Red,लाल,4,True,True
SIGN_0179,religion,1. Religion,धर्म,5,True,True
SIGN_0180,reporter,97. Reporter,पत्रकार,4,True,True
SIGN_0181,restaurant,22. Restaurant,उपहारगृह,6,True,True
SIGN_0182,rich,11. rich,श्रीमंत,4,True,True
SIGN_0183,ring,49. Ring,अंगठी,4,True,True
SIGN_0184,sad,4. sad,दुःखी,4,True,True
SIGN_0185,saturday,72. Saturday,शनिवार,4,True,True
SIGN_0186,school,24. School,शाळा,8,True,True
SIGN_0187,science,22. Science,विज्ञान,7,True,True
SIGN_0188,screen,57. Screen,पडदा,4,True,True
SIGN_0189,season,65. Season,ऋतू,4,True,True
SIGN_0190,second,81. Second,सेकंद,4,True,True
SIGN_0191,secretary,90. Secretary,सचिव,4,True,True
SIGN_0192,shallow,28. shallow,उथळ,8,True,True
SIGN_0193,she,43. she,ती,4,True,True
SIGN_0194,shirt,41. Shirt,शर्ट,4,True,True
SIGN_0195,shoes,44. Shoes,बूट,4,True,True
SIGN_0196,short,79. short,लहान,4,True,True
SIGN_0197,sick,98. sick,आजारी,4,True,True
SIGN_0198,sign,21. Sign,खूण,4,True,True
SIGN_0199,sister,67. Sister,बहीण,4,True,True
SIGN_0200,skirt,40. Skirt,स्कर्ट,4,True,True
SIGN_0201,slow,85. slow,हळू,4,True,True
SIGN_0202,small little,84. small little,लहान,4,True,True
SIGN_0203,soap,36. Soap,साबण,8,True,True
SIGN_0204,soft,25. soft,मऊ,5,True,True
SIGN_0205,soldier,93. Soldier,सैनिक,4,True,True
SIGN_0206,son,58. Son,मुलगा,4,True,True
SIGN_0207,sport,17. Sport,खेळ,4,True,True
SIGN_0208,spring,62. Spring,वसंत ऋतू,4,True,True
SIGN_0209,store or shop,28. Store or Shop,दुकान,8,True,True
SIGN_0210,street or road,20. Street or Road,रस्ता,4,True,True
SIGN_0211,strong,31. strong,मजबूत,8,True,True
SIGN_0212,student,85. Student,विद्यार्थी,4,True,True
SIGN_0213,suit,39. Suit,सूट,4,True,True
SIGN_0214,summer,61. Summer,उन्हाळा,4,True,True
SIGN_0215,sunday,66. Sunday,रविवार,4,True,True
SIGN_0216,t-shirt,42. T-Shirt,टी-शर्ट,4,True,True
SIGN_0217,table,24. Table,टेबल,8,True,True
SIGN_0218,tall,80. tall,उंच,4,True,True
SIGN_0219,teacher,84. Teacher,शिक्षक,4,True,True
SIGN_0220,team,7. Team,संघ,4,True,True
SIGN_0221,technology,9. Technology,तंत्रज्ञान,4,True,True
SIGN_0222,telephone,44. Telephone,दूरध्वनी,4,True,True
SIGN_0223,television,59. Television,दूरदर्शन,4,True,True
SIGN_0224,temple,31. Temple,मंदिर,8,True,True
SIGN_0225,thank you,55. Thank you,धन्यवाद,4,True,True
SIGN_0226,they,47. they,ते,4,True,True
SIGN_0227,thick,13. thick,जाड,4,True,True
SIGN_0228,thin,14. thin,पातळ,4,True,True
SIGN_0229,thursday,70. Thursday,गुरुवार,4,True,True
SIGN_0230,tight,21. tight,घट्ट,8,True,True
SIGN_0231,time,86. Time,वेळ,4,True,True
SIGN_0232,today,73. Today,आज,4,True,True
SIGN_0233,tomorrow,74. Tomorrow,उद्या,4,True,True
SIGN_0234,tool,50. Tool,साधन,4,True,True
SIGN_0235,train,9. Train,रेल्वे,4,True,True
SIGN_0236,train station,21. Train Station,रेल्वे स्थानक,7,True,True
SIGN_0237,train ticket,16. train ticket,रेल्वे तिकीट,4,True,True
SIGN_0238,transportation,17. Transportation,वाहतूक,4,True,True
SIGN_0239,truck,12. Truck,ट्रक,4,True,True
SIGN_0240,tuesday,68. Tuesday,मंगळवार,4,True,True
SIGN_0241,ugly,6. Ugly,कुरूप,4,True,True
SIGN_0242,university,26. University,विद्यापीठ,6,True,True
SIGN_0243,waiter,89. Waiter,वेटर,4,True,True
SIGN_0244,war,11. War,युद्ध,4,True,True
SIGN_0245,warm,89. warm,उबदार,4,True,True
SIGN_0246,we,45. we,आम्ही,4,True,True
SIGN_0247,weak,32. weak,कमकुवत,8,True,True
SIGN_0248,wednesday,69. Wednesday,बुधवार,4,True,True
SIGN_0249,week,76. Week,आठवडा,4,True,True
SIGN_0250,wet,96. wet,ओले,4,True,True
SIGN_0251,white,55. White,पांढरा,4,True,True
SIGN_0252,wide,81. wide,रुंद,4,True,True
SIGN_0253,wife,72. Wife,पत्नी,4,True,True
SIGN_0254,window,28. Window,खिडकी,8,True,True
SIGN_0255,winter,63. Winter,हिवाळा,4,True,True
SIGN_0256,woman,65. Woman,स्त्री,4,True,True
SIGN_0257,year,78. Year,वर्ष,4,True,True
SIGN_0258,yellow,50. Yellow,पिवळा,4,True,True
SIGN_0259,yesterday,75. Yesterday,काल,4,True,True
SIGN_0260,you,41. you,तू,4,True,True
SIGN_0261,you (plural),46. you (plural),तुम्ही,4,True,True
SIGN_0262,young,93. young,तरुण,4,True,True
